,ID,TITULO,UNIV,ACCESO,AUTOR 1,AUTOR 2,#AUT,SEX_AUT1,SEX_AUT2,TIPO_INV,AR_TEMÁTICA,POB_ESTUDIO_G,POB_ESTUDIO_E,GRUPO_ETARIO,PUB_CIEN,LINK (URI),Unnamed: 16,INDEXACIÓN,PROCEDENCIA,FORMATO,FILIACIÓN,IDIOMA
0,SM_1,"Funcionamiento familiar y adicción a las redes sociales en estudiantes de tercero, cuarto y quinto de secundaria",UNMSM,ABIERTO,"Pinto Benavente, Anthony Jesús",,1.0,HOMBRE,,EMPIRICA_A,CLÍNICA_SALUD,EDUCATIVO,Estudiantes,adolescentes,,https://hdl.handle.net/20.500.12672/9785,,,,,,
1,SM_2,"Funcionalidad familiar, estilos parentales y sintomatología depresiva en adolescentes de tercero, cuarto y quinto año de secundaria de una institución educativa estatal en Chorrillos",UNMSM,ABIERTO,"Panuera Zare, Mercedes Rosario",,1.0,MUJER,,EMPIRICA_A,CLÍNICA_SALUD,EDUCATIVO,Estudiantes,adolescentes,,https://hdl.handle.net/20.500.12672/10133,,,,,,
2,SM_3,Adaptabilidad del estilo de liderazgo en voluntarios de una organización sin fines de lucro,UNMSM,ABIERTO,"Pereda Torres, Gavina Beatriz",,1.0,MUJER,,EMPIRICA_A,SOCIAL_COM,SOCIAL-COM,Miembros_org,jóvenes,,https://hdl.handle.net/20.500.12672/10199,,,,,,
3,SM_4,Factores de la adherencia terapéutica según variables sociodemográficas de pacientes en quimioterapia,UNMSM,ABIERTO,"Chacón Pérez, Ana Cristina",,1.0,MUJER,,EMPIRICA_A,CLÍNICA_SALUD,CLÍNICO,Pacientes,otras combinaciones,,https://hdl.handle.net/20.500.12672/10399,,,,,,
4,SM_5,"Un modelo psicosocial para adolescentes con trayectorias delictivas de alto riesgo provenientes de Lima Metropolitana, Callao y Trujillo",UNMSM,ABIERTO,"Rivera Ciriaco, Robert Vidal",,1.0,HOMBRE,,EMPIRICA_D,SOCIAL_COM,PENINTENCIARIO,Otros,adolescentes_jóvenes,,https://hdl.handle.net/20.500.12672/9784,,,,,,
5,SM_6,Protagonismo juvenil y análisis psicosocial del grupo de y desde las y los jóvenes en una organización cultural,UNMSM,ABIERTO,"Ruiz Vilca, Jakelin Karina",,1.0,MUJER,,EMPIRICA_D,SOCIAL_COM,SOCIAL-COM,Colectivo,no reporta,,https://hdl.handle.net/20.500.12672/10206,,,,,,
6,SM_7,"Construcción y propiedades psicométricas de la Escala de Calidad de Servicios Internos ECSI-12, en una institución pública del estado peruano en la ciudad de Lima",UNMSM,RESTRINGIDO,"Gamarra Tejeda, Christiam Percy",,1.0,HOMBRE,,,,,,,,https://hdl.handle.net/20.500.12672/8066,,,,,,
7,SM_8,"Evitación experiencial, apoyo social percibido y habilidades sociales como predictores de la sintomatología clínica en cuidadores principales de pacientes con esquizofrenia de un instituto nacional de salud mental",UNMSM,ABIERTO,"Egúsquiza Vásquez, Bill Kevin",,1.0,HOMBRE,,EMPIRICA_A,CLÍNICA_SALUD,CLÍNICO,Cuidadores,otras combinaciones,,https://hdl.handle.net/20.500.12672/10036,,,,,,
8,SM_9,Autocuidado en profesionales de enfermería y obstetricia de cuatro establecimientos de salud de atención primaria de Lima Norte,UNMSM,RESTRINGIDO,"Cavero Huapaya, Victoria María",,1.0,MUJER,,EMPIRICA_A,,,,,,https://hdl.handle.net/20.500.12672/9422,,,,,,
9,SM_10,Representaciones sociales sobre la participación social y la atribución a las redes de apoyo en personas adultas mayores de una asociación de cesantes de una institución pública de Lima,UNMSM,ABIERTO,"Silva Cavero, Ana Laura",,1.0,MUJER,,EMPIRICA_D,SOCIAL_COM,SOCIAL-COM,Miembros_com,adultos_adultosmayores,,https://hdl.handle.net/20.500.12672/9781,,,,,,
10,SM_11,Estilos parentales y evitación experiencial en padres de niños con trastorno por déficit de atención con o sin hiperactividad,UNMSM,ABIERTO,"Wong Chen, Corina Shumi",,1.0,MUJER,,EMPIRICA_A,CLÍNICA_SALUD,CLÍNICO,Cuidadores,adultos,,https://hdl.handle.net/20.500.12672/10035,,,,,,
11,SM_12,El innovativeness en las clases medias limeñas,UNMSM,ABIERTO,"Sosa Sacio, Manuel Angel",,1.0,HOMBRE,,EMPIRICA_D,SOCIAL_COM,SOCIAL-COM,Miembros_com,otras combinaciones,,https://hdl.handle.net/20.500.12672/10013,,,,,,
12,,,,,,,,,,,,,,,,,,,,,,
13,ULIMA_1,Resiliencia y calidad de vida relacionada con la salud en pacientes adultos que reciben quimioterapia,ULIMA,ABIERTO,"Roberto-Belmont, Michele-Stefano",,1.0,HOMBRE,,EMPIRICA_A,CLÍNICA_SALUD,CLÍNICO,Pacientes,otras combinaciones,,https://hdl.handle.net/20.500.12724/5848,,,,,,
14,ULIMA_2,Propiedades psicométricas del Organizational Culture Assessment Instrument (OCAI) en colaboradores de Lima Metropolitana,ULIMA,ABIERTO,"Cerpa-Noya, Jimena",,1.0,MUJER,,INSTRUMENTAL,ORGANIZACIONAL,ORGANIZACIONAL,Colaboradores,otras combinaciones,,https://hdl.handle.net/20.500.12724/5868,,,,,,
15,ULIMA_3,Estudio de la validación de la prueba Motivación de Logro Académico de Thornberry (2003) con alumnos de quinto de secundaria de colegios católicos de Lima del 2017,ULIMA,ABIERTO,"González-Gamio, Raúl-Arturo",,1.0,HOMBRE,,INSTRUMENTAL,EDUCA,EDUCATIVO,Estudiantes,adolescentes_jóvenes,,https://hdl.handle.net/20.500.12724/8028,,,,,,
16,ULIMA_4,Síndrome de burnout y estrategias de afrontamiento en futbolistas juveniles de dos clubes profesionales de Lima,ULIMA,ABIERTO,"Moschella-Coello, Marco-Filipo",,1.0,HOMBRE,,EMPIRICA_A,DEPORTE,DEPORTIVO,Deportista,jóvenes,,https://hdl.handle.net/20.500.12724/7123,,,,,,
17,ULIMA_5,Reporte de los beneficios psicológicos percibidos por practicantes de mindfulness: un análisis cualitativo,ULIMA,ABIERTO,"Ugarte-de-Riglos, Marycris",,1.0,MUJER,,EMPIRICA_D,CLÍNICA_SALUD,SOCIAL-COM,Miembros_com,jóvenes_adultos,,https://hdl.handle.net/20.500.12724/9323,,,,,,
18,ULIMA_6,Las representaciones de docentes de psicología sobre el pensamiento mágico en la formación y profesión psicológica,ULIMA,ABIERTO,"López-de-Pomar, Fabrizio-Eliseo",,1.0,HOMBRE,,EMPIRICA_D,SOCIAL_COM,EDUCATIVO,Docentes,adultos_adultosmayores,,https://hdl.handle.net/20.500.12724/7944,,,,,,
19,ULIMA_7,Dependencia emocional y autoestima general y contingente a las relaciones de pareja en mujeres adultas en una relación de pareja de Lima Metropolitana,ULIMA,ABIERTO,"Camaiora-Chiappe, Giulia",,1.0,MUJER,,EMPIRICA_A,CLÍNICA_SALUD,SOCIAL-COM,Miembros_com,jóvenes_adultos,,https://hdl.handle.net/20.500.12724/8011,,,,,,
20,,,,,,,,,,,,,,,,,,,,,,
21,UPC_1,Sentido de coherencia y flow en personas que realizan teatro musical en Lima,UPC,ABIERTO,"Granados Santoyo, Karina Claraliz",,1.0,MUJER,,EMPIRICA_A,SOCIAL_COM,SOCIAL-COM,Miembros_com,jóvenes_adultos,,http://hdl.handle.net/10757/625151,,,,,,
22,UPC_2,Síndrome de burnout y autoeficacia en tripulantes de cabina de Lima,UPC,ABIERTO,"Gil Grados Tejeda, Lorena",,1.0,MUJER,,EMPIRICA_A,ORGANIZACIONAL,ORGANIZACIONAL,Colaboradores,jóvenes_adultos,,http://hdl.handle.net/10757/625173,,,,,,
23,UPC_3,"Relación entre Intención Emprendedora, Norma Subjetiva, Autoeficacia Emprendedora y Personalidad Proactiva en un grupo de estudiantes de una universidad privada de Lima",UPC,ABIERTO,"Liza Rios de Morante, Isabel Pamela",,1.0,MUJER,,EMPIRICA_A,ORGANIZACIONAL,EDUCATIVO,Estudiantes,otras combinaciones,,http://hdl.handle.net/10757/625076,,,,,,
24,UPC_4,Apoyo social y estrés en docentes de colegios de Lima Metropolitana,UPC,ABIERTO,"Ortiz Méndez, Judit Isabel",,1.0,MUJER,,EMPIRICA_A,OTROS,EDUCATIVO,Docentes,jóvenes_adultos,,http://hdl.handle.net/10757/624032,,,,,,
25,UPC_5,Propiedades psicométricas del Cuestionario de Relación de evaluación del apego en jóvenes y adultos de Lima,UPC,ABIERTO,"Jiménez Castillo, Derick Will Williams",,1.0,HOMBRE,,INSTRUMENTAL,CLÍNICA_SALUD,SOCIAL-COM,Miembros_com,jóvenes_adultos,,http://hdl.handle.net/10757/623992,,,,,,
26,UPC_6,Control psicológico parental y problemas externalizados e internalizados en adolescentes de Lima Metropolitana,UPC,ABIERTO,"Solis Calcina, Genoveva Leslie",,1.0,MUJER,,EMPIRICA_A,CLÍNICA_SALUD,EDUCATIVO,Estudiantes,adolescentes,,http://hdl.handle.net/10757/623827,,,,,,
27,UPC_7,Función simbólica mediante cuentos en adolescentes de un centro de rehabilitación juvenil,UPC,ABIERTO,"Zevallos Luna, Diego Alejandro",,1.0,HOMBRE,,EMPIRICA_D,SOCIAL_COM,PENINTENCIARIO,Reclusos,adolescentes,,http://hdl.handle.net/10757/623037,,,,,,
28,UPC_8,Representaciones mentales de paternidad en parejas primerizas durante el embarazo,UPC,ABIERTO,"Saroli Araníbar, Silvana",,1.0,MUJER,,EMPIRICA_D,SOCIAL_COM,OTROS,Otros,jóvenes_adultos,,http://hdl.handle.net/10757/624771,,,,,,
29,UPC_9,"Relación entre solución de problemas, estilo atribucional y afecto en universitarios de Huancayo",UPC,ABIERTO,"Sarmiento Chia, Fritz Edward",,1.0,,,EMPIRICA_A,GENERAL,EDUCATIVO,Estudiantes,jóvenes_adultos,,http://hdl.handle.net/10757/622691,,,,,,
30,UPC_10,Apego y afrontamiento en madres con hijos con labio fisurado y/o paladar hendido de Lima,UPC,ABIERTO,"Mertz López, Luz Elena",,1.0,MUJER,,EMPIRICA_A,CLÍNICA_SALUD,CLÍNICO,Cuidadores,no reporta,,http://hdl.handle.net/10757/624042,,,,,,
31,UPC_11,Jerarquía de valores entre estudiantes de secundaria de colegio religioso y colegio laico de Lima,UPC,ABIERTO,"García Anchorena, Raiza",,1.0,MUJER,,EMPIRICA_A,GENERAL,EDUCATIVO,Estudiantes,adolescentes,,http://hdl.handle.net/10757/622944,,,,,,
32,UPC_12,Propiedades psicométricas de la escala de resiliencia SV-RES para adultos mayores en Lima Metropolitana,UPC,ABIERTO,"Moscoso Escalante, Sheyla Janine",,1.0,MUJER,,INSTRUMENTAL,GENERAL,SOCIAL-COM,Miembros_com,adultos mayores,,http://hdl.handle.net/10757/625077,,,,,,
33,UPC_13,Representaciones de masculinidad en un grupo de madres solteras de San Juan de Lurigancho,UPC,ABIERTO,"Abusada García Pacheco, Alejandra Lucía",,1.0,MUJER,,EMPIRICA_D,SOCIAL_COM,SOCIAL-COM,Miembros_com,jóvenes_adultos,,http://hdl.handle.net/10757/624067,,,,,,
34,UPC_14,Satisfacción de necesidades psicológicas básicas y estilos de motivación en supervisores de empresas en Lima Metropolitana,UPC,ABIERTO,"Garcia Hoefken, Alexia",,1.0,MUJER,,EMPIRICA_A,GENERAL,ORGANIZACIONAL,Jefes o directivos,no reporta,,http://hdl.handle.net/10757/624066,,,,,,
35,UPC_15,Representaciones de apego y bienestar psicológico en adolescentes de un colegio de Lima,UPC,ABIERTO,"Pappalardo Granel, María Belén",,1.0,MUJER,,EMPIRICA_A,CLÍNICA_SALUD,EDUCATIVO,Estudiantes,adolescentes_jóvenes,,http://hdl.handle.net/10757/624038,,,,,,
36,UPC_16,Autoeficacia y Fortaleza Mental en deportistas federados de disciplinas individuales de Lima Metropolitana,UPC,ABIERTO,"López Aguayo, Paolo Armando",,1.0,HOMBRE,,EMPIRICA_A,DEPORTE,DEPORTIVO,Deportista,otras combinaciones,,http://hdl.handle.net/10757/624537,,,,,,
37,UPC_17,Teoría de la autodeterminación y bienestar psicológico subjetivo en asesores inmobiliarios,UPC,ABIERTO,"Del Hierro Cabrera, Maria Grazia",,1.0,MUJER,,EMPIRICA_A,CLÍNICA_SALUD,SOCIAL-COM,Miembros_com,adultos_adultosmayores,,http://hdl.handle.net/10757/624064,,,,,,
38,UPC_18,"Estrés y estrategias de afrontamiento: Estudio en familiares de pacientes con cáncer en la ciudad de Lima, 2018",UPC,ABIERTO,"Huamaní Domínguez, Jossy Alexandra","Paredes Ayala, Adriana Chabely",2.0,MUJER,MUJER,EMPIRICA_A,CLÍNICA_SALUD,CLÍNICO,Cuidadores,otras combinaciones,,http://hdl.handle.net/10757/625147,,,,,,
39,UPC_19,Autoeficacia y asertividad en adolescentes que practican y no practican danzas folklóricas en Lima Metropolitana,UPC,ABIERTO,"Alvarez Diaz, María Alejandra",,1.0,MUJER,,EMPIRICA_A,GENERAL,OTROS,Otros,adolescentes,,http://hdl.handle.net/10757/625074,,,,,,
40,UPC_20,Disposición al pensamiento crítico y comprensión lectora en estudiantes de secundaria de colegios públicos de Lima,UPC,ABIERTO,"González López, Claudia Alexandra",,1.0,MUJER,,EMPIRICA_A,EDUCA,EDUCATIVO,Estudiantes,no reporta,,http://hdl.handle.net/10757/624031,,,,,,
41,UPC_21,Propiedades psicométricas de la Escala ARC-INICO de Evaluación de la Autodeterminación en estudiantes de secundaria de Lima,UPC,ABIERTO,"Requena Herrera, Pietro Alejandro",,1.0,HOMBRE,,INSTRUMENTAL,GENERAL,EDUCATIVO,Estudiantes,niños_adolescentes,,http://hdl.handle.net/10757/625080,,,,,,
42,UPC_22,Optimismo Disposicional y Afrontamiento en Padres de Niños con Autismo,UPC,ABIERTO,"Miskulin Gilardi, Katitza Viviana",,1.0,MUJER,,EMPIRICA_A,CLÍNICA_SALUD,CLÍNICO,Cuidadores,jóvenes_adultos,,http://hdl.handle.net/10757/624869,,,,,,
43,UPC_23,Motivación de logro y estilos de aprendizaje en estudiantes de centros educativos de Ayacucho,UPC,ABIERTO,"Aquino Barja, Maria Esther","Guerreros Quispe, Yuly Priscila",2.0,MUJER,MUJER,EMPIRICA_A,EDUCA,EDUCATIVO,Estudiantes,adolescentes,,http://hdl.handle.net/10757/625007,,,,,,
44,UPC_24,Apoyo organizacional percibido y compromiso organizacional en una empresa privada de Lima,UPC,ABIERTO,"Flores Morón, Jessica Patricia","Gómez Vilcahuamán, Ingrid",2.0,MUJER,MUJER,EMPIRICA_A,ORGANIZACIONAL,ORGANIZACIONAL,Colaboradores,jóvenes_adultos,,http://hdl.handle.net/10757/624929,,,,,,
45,UPC_25,Red de soporte social y apoyo comunitario en miembros de organizaciones de desplazados por violencia política,UPC,ABIERTO,"Schoof Aguirre, Maria Teresa",,1.0,MUJER,,EMPIRICA_A,SOCIAL_COM,SOCIAL-COM,Miembros_com,otras combinaciones,,http://hdl.handle.net/10757/622693,,,,,,
46,UPC_26,Relaciones Románticas y Dependencia Emocional en Estudiantes de dos Universidades Privadas de Lima Metropolitana,UPC,ABIERTO,"Rifai Bravo, Sasha",,1.0,MUJER,,EMPIRICA_A,CLÍNICA_SALUD,EDUCATIVO,Estudiantes,adolescentes_jóvenes,,http://hdl.handle.net/10757/624841,,,,,,
47,UPC_27,"Calidad de vida profesional y aprendizaje organizacional en una muestra de colaboradores de servicio y producción de un restaurante de Lima, Perú",UPC,ABIERTO,"Santiago Aranda, Katerine Lisseth",,1.0,MUJER,,EMPIRICA_A,ORGANIZACIONAL,ORGANIZACIONAL,Colaboradores,jóvenes_adultos,,http://hdl.handle.net/10757/625172,,,,,,
48,UPC_28,Satisfacción marital en un grupo de mujeres casadas afroperuanas de Lima Metropolitana,UPC,ABIERTO,"Reyes Paredes, Ana Jazmín",,1.0,MUJER,,EMPIRICA_D,CLÍNICA_SALUD,SOCIAL-COM,Otros,jóvenes_adultos,,http://hdl.handle.net/10757/623789,,,,,,
49,UPC_29,Representaciones maternas en varones dependientes al alcohol: Estudio de caso múltiple,UPC,ABIERTO,"Paz Ruiz, Adriana del Pilar",,1.0,MUJER,,EMPIRICA_D,CLÍNICA_SALUD,CLÍNICO,Pacientes,adultos,,http://hdl.handle.net/10757/624035,,,,,,
50,UPC_30,Estudio cualitativo del vínculo entre jóvenes y sus mascotas en Lima Metropolitana,UPC,ABIERTO,"Arias Jiménez, Lucero Araceli",,1.0,MUJER,,EMPIRICA_D,SOCIAL_COM,OTROS,Otros,jóvenes,,http://hdl.handle.net/10757/624117,,,,,,
51,UPC_31,Resiliencia y calidad de vida en adolescentes de asentamientos humanos de Lima,UPC,ABIERTO,"Fernández Lazo, Rodrigo José Víctor",,1.0,HOMBRE,,EMPIRICA_A,CLÍNICA_SALUD,EDUCATIVO,Estudiantes,otras combinaciones,,http://hdl.handle.net/10757/624040,,,,,,
52,UPC_32,El significado de tatuarse: estudio de casos exploratorio con jóvenes universitarios limeños,UPC,ABIERTO,"Ulloa Rodríguez, Lorena","Tagliabue Ganoza, Regina",2.0,MUJER,MUJER,EMPIRICA_D,SOCIAL_COM,EDUCATIVO,Estudiantes,jóvenes,,http://hdl.handle.net/10757/623825,,,,,,
53,UPC_33,La Identificación en la construcción del personaje en actores de teatro musical,UPC,ABIERTO,"Fulca Sánchez, Berenice Brigitte",,1.0,MUJER,,EMPIRICA_D,SOCIAL_COM,SOCIAL-COM,Miembros_com,jóvenes_adultos,,http://hdl.handle.net/10757/624944,,,,,,
54,UPC_34,Elección de pareja : un estudio cualitativo sobre paciente en psicoterapia psicoanalítica,UPC,ABIERTO,"Anteparra Venturo, Andrés",,1.0,HOMBRE,,EMPIRICA_D,CLÍNICA_SALUD,CLÍNICO,Pacientes,jóvenes,,http://hdl.handle.net/10757/624605,,,,,,
55,UPC_35,Actitudes de padres primerizos gestantes hacia el empleo del castigo físico,UPC,ABIERTO,"Dávila Novoa, Michelle Elizabeth",,1.0,MUJER,,EMPIRICA_D,OTROS,OTROS,Otros,jóvenes,,http://hdl.handle.net/10757/624044,,,,,,
56,UPC_36,El holding del holding materno en madres que tuvieron un hijo entre los 16 y 19 años,UPC,ABIERTO,"Ladrón de Guevara Burgos, Andrea Lucía",,1.0,MUJER,,EMPIRICA_D,CLÍNICA_SALUD,OTROS,Otros,jóvenes,,http://hdl.handle.net/10757/625029,,,,,,
57,UPC_37,Funcionamiento familiar y bienestar psicológico en adultos jóvenes de Lima,UPC,ABIERTO,"Elera Herrera, Ana Lucía",,1.0,MUJER,,EMPIRICA_A,CLÍNICA_SALUD,EDUCATIVO,Estudiantes,jóvenes,,http://hdl.handle.net/10757/624034,500.0,,,,,
58,UPC_38,Significados sobre el suicidio en un grupo de psicoterapeutas psicoanalíticos,UPC,ABIERTO,"Unzueta Callirgos, Ximena",,1.0,MUJER,,EMPIRICA_D,CLÍNICA_SALUD,CLÍNICO,Personal_salud,otras combinaciones,,http://hdl.handle.net/10757/624036,500.0,,,,,
59,UPC_39,Optimismo disposicional y satisfacción laboral en personal del rubro de restaurantes en la ciudad de Lima,UPC,ABIERTO,"Osterling Lévano, Piero Antonio",,1.0,HOMBRE,,EMPIRICA_A,ORGANIZACIONAL,ORGANIZACIONAL,Colaboradores,jóvenes_adultos,,http://hdl.handle.net/10757/624061,500.0,,,,,
60,UPC_40,Burnout y calidad de vida profesional en policías de Lima Metropolitana,UPC,ABIERTO,"Zuazo Uribe, Ana Lucia",,1.0,MUJER,,EMPIRICA_A,ORGANIZACIONAL,PENINTENCIARIO,Policia,otras combinaciones,,http://hdl.handle.net/10757/625148,500.0,,,,,
61,UPC_41,Identidad profesional de docentes de una Institución Educativa Pública de Lima,UPC,ABIERTO,"Oré Kovacs, Nicole",,1.0,MUJER,,EMPIRICA_D,OTROS,EDUCATIVO,Docentes,adultos_adultosmayores,,http://hdl.handle.net/10757/624459,500.0,,,,,
62,UPC_42,"Percepción de salud, emociones y afrontamiento en alumnos universitarios de primer ciclo de Psicología Tesis",UPC,ABIERTO,"Wan Seminario, Celia Graciela",,1.0,MUJER,,EMPIRICA_A,SOCIAL_COM,EDUCATIVO,Estudiantes,adolescentes_jóvenes,,http://hdl.handle.net/10757/622976,500.0,,,,,
63,UPC_43,Percepción de prácticas de crianza y autoconcepto en estudiantes de primaria,UPC,ABIERTO,"Centurión Bolaños, Flavia María",,1.0,MUJER,,EMPIRICA_A,CLÍNICA_SALUD,EDUCATIVO,Estudiantes,niños,,http://hdl.handle.net/10757/624255,500.0,,,,,
64,UPC_44,Percepción del funcionamiento familiar y obsesión por la delgadez en adolescentes de Lima Metropolitana,UPC,ABIERTO,"Arispe Silva, Carolina",,1.0,MUJER,,EMPIRICA_A,CLÍNICA_SALUD,EDUCATIVO,Estudiantes,adolescentes_jóvenes,,http://hdl.handle.net/10757/624033,500.0,,,,,
65,UPC_45,Rendimiento académico en estudiantes de 2do a 4to de primaria según los estilos educativos parentales,UPC,ABIERTO,"Garofolin Caro, Gioana Carella",,1.0,MUJER,,EMPIRICA_A,EDUCA,EDUCATIVO,Padres ,no reporta,,http://hdl.handle.net/10757/625075,500.0,,,,,
66,UPC_46,Actitudes hacia las TIC por docentes que usan herramientas tecnológicas de un colegio privado de Lima,UPC,ABIERTO,"Zamora Rubatto, María Fernanda",,1.0,MUJER,,EMPIRICA_D,EDUCA,EDUCATIVO,Docentes,jóvenes_adultos,,http://hdl.handle.net/10757/625140,500.0,,,,,
67,UPC_47,"Trastorno de ansiedad por separación y autoconcepto en niños de 8 a 11 años de edad, con padres separados",UPC,ABIERTO,"Cáceres Passano, Lorena María",,1.0,MUJER,,EMPIRICA_A,CLÍNICA_SALUD,EDUCATIVO,Estudiantes,niños,,http://hdl.handle.net/10757/625171,500.0,,,,,
68,UPC_48,Propiedades psicométricas del Cuestionario de Autoconcepto Físico (CAF) en bailarines de Lima,UPC,ABIERTO,"Bueno Obando, Valery Alexandra",,1.0,MUJER,,INSTRUMENTAL,GENERAL,SOCIAL-COM,Miembros_com,jóvenes_adultos,,http://hdl.handle.net/10757/624842,500.0,,,,,
69,UPC_49,Inteligencia emocional y espiritualidad en estudiantes universitarios ayacuchanos,UPC,ABIERTO,"Vilchez Quevedo, Edwin Jesús","Miguel Rojas, Josselyn Karina",2.0,HOMBRE,MUJER,EMPIRICA_A,GENERAL,EDUCATIVO,Estudiantes,jóvenes_adultos,,http://hdl.handle.net/10757/624060,500.0,,,,,
70,UPC_50,Dependencia emocional y sentido de coherencia en personas pertenecientes a un Centro de rehabilitación,UPC,ABIERTO,"Franco Mazuelos, Danae Elizabeth",,1.0,MUJER,,EMPIRICA_A,CLÍNICA_SALUD,CLÍNICO,Pacientes,otras combinaciones,,http://hdl.handle.net/10757/624054,500.0,,,,,
71,UPC_51,Autoestima y motivación en el uso de Facebook en adultos de 18 a 37 años de Lima Metropolitana,UPC,ABIERTO,"Mas Grimaldi, Desirée","Velarde Vidaurrázaga, Claudia",2.0,MUJER,MUJER,EMPIRICA_A,GENERAL,OTROS,Otros,jóvenes_adultos,,http://hdl.handle.net/10757/623036,,,,,,
72,UPC_52,Estilos de apego y perfeccionismo en jóvenes universitarios de Lima,UPC,ABIERTO,"Chafloque Tello, Jackeyln Estefany",,1.0,MUJER,,EMPIRICA_A,CLÍNICA_SALUD,EDUCATIVO,Estudiantes,jóvenes,,http://hdl.handle.net/10757/624762,,,,,,
73,UPC_53,Estrés y compromiso académico en estudiantes de una universidad privada de Lima,UPC,ABIERTO,"Fernández Canales, Ambar Teresa",,1.0,MUJER,,EMPIRICA_A,EDUCA,EDUCATIVO,Estudiantes,jóvenes_adultos,,http://hdl.handle.net/10757/625153,,,,,,
74,UPC_54,Aspiraciones extrínsecas e intrínsecas y adicción al ejercicio físico en adultos usuarios de gimnasios de Lima Metropolitana,UPC,ABIERTO,"Stratton Zevallos, Phillip",,1.0,HOMBRE,,EMPIRICA_A,CLÍNICA_SALUD,SOCIAL-COM,Miembros_com,jóvenes_adultos,,http://hdl.handle.net/10757/625152,,,,,,
75,UPC_55,Ajuste diádico y apego adulto en estudiantes limeños que conviven en pareja,UPC,ABIERTO,"Ramos Guerrero, Kelly","Susanna Eyzaguirre, Chiara",2.0,MUJER,MUJER,EMPIRICA_A,CLÍNICA_SALUD,EDUCATIVO,Estudiantes,jóvenes_adultos,,http://hdl.handle.net/10757/625078,,,,,,
76,UPC_56,Adaptación del Body Shape Questionnaire (BSQ) en jóvenes varones universitarios de Lima Metropolitana,UPC,ABIERTO,"Palomino Floriano, Alejandra Andrea",,1.0,MUJER,,INSTRUMENTAL,CLÍNICA_SALUD,EDUCATIVO,Estudiantes,jóvenes_adultos,,http://hdl.handle.net/10757/625008,,,,,,
77,UPC_57,Sintomatología depresiva y rendimiento académico en niños de 9 a 10 años de Lima,UPC,ABIERTO,"Fon Alvarado, Gabriela Judith",,1.0,MUJER,,EMPIRICA_A,OTROS,EDUCATIVO,Estudiantes,niños,,http://hdl.handle.net/10757/624041,,,,,,
78,UPC_58,Estilos de Crianza y Bullying en Adolescentes de Colegios privados de Lima Metropolitana,UPC,ABIERTO,"Kilimajer Montori, Tamara",,1.0,MUJER,,EMPIRICA_A,OTROS,EDUCATIVO,Estudiantes,adolescentes,,http://hdl.handle.net/10757/623802,,,,,,
79,UPC_59,Estrategias de manejo de conflictos y nivel de inversión en parejas que asisten y no asisten a un grupo religioso de ayuda marital,UPC,ABIERTO,"Martínez Meneses, Jenny Desireé",,1.0,MUJER,,EMPIRICA_A,CLÍNICA_SALUD,OTROS,Otros,otras combinaciones,,http://hdl.handle.net/10757/625141,,,,,,
80,UPC_60,Autoestima y habilidades sociales en usuarios de Facebook que estudian en una universidad privada de Lima,UPC,ABIERTO,"Faverón Vásquez, Nicole",,1.0,MUJER,,EMPIRICA_A,GENERAL,EDUCATIVO,Estudiantes,jóvenes_adultos,,http://hdl.handle.net/10757/625179,,,,,,
81,,,,,,,,,,,,,,,,,,,,,,
82,UPCH_1,Baile urbano como forma de prevención de delincuencia y drogas en jóvenes de Villa María del Triunfo: sistematización de proyecto cultural comunitario 2014 – 2016,UPCH,ABIERTO,"Abanto Ramos, Ivette Alejandra",,1.0,,,,,,,,,https://hdl.handle.net/20.500.12866/3546,,,,,,
83,UPCH_2,"Relación entre el cronotipo y el jet lag social en el rendimiento académico de adolescentes de cuarto y quinto de secundaria de colegio particular de Lima, Perú",UPCH,ABIERTO,"Cárdenas Egúsquiza, Ana Lucía",,1.0,,,,,,,,,https://hdl.handle.net/20.500.12866/3750,,,,,,
84,UPCH_3,Relación entre asertividad y calidad de vida en pacientes con enfermedad renal crónica en tratamiento de hemodiálisis en una clínica de Lima Metropolitana,UPCH,ABIERTO,"Sebastián Raymundo, Katty Luz",,1.0,,,,,,,,,https://hdl.handle.net/20.500.12866/3783,,,,,,
85,UPCH_4,Efectos de un programa de Hatha yoga en el estrés percibido de estudiantes universitarios de una universidad privada de Lima Metropolitana,UPCH,ABIERTO,"Muñoz-Nájar Luque, María Gracia",,1.0,,,,,,,,,https://hdl.handle.net/20.500.12866/3836,,,,,,
86,UPCH_5,Propiedades psicométricas de un instrumento para la medición de actitudes ambientales en escolares de ocho a doce años de cuatro colegios de la ciudad de Lima,UPCH,ABIERTO,"Branizza Colarossi, Chiara Fiorella",,1.0,,,,,,,,,https://hdl.handle.net/20.500.12866/3789,,,,,,
87,UPCH_6,Diferencias en las creencias irracionales según la condición diagnóstica en un grupo de pacientes que asisten a un servicio de salud mental de Lima Metropolitana,UPCH,ABIERTO,"Abad Granda, Marjorie Elizabeth",,1.0,,,,,,,,,https://hdl.handle.net/20.500.12866/3921,,,,,,
88,UPCH_7,"Efecto del Programa ""Quiérete Mucho"" en la autoestima de adolescentes mujeres residentes de una Casa Hogar del Callao",UPCH,ABIERTO,"Guadalupe Túpac Yupanqui, Mirian Patricia",,1.0,,,,,,,,,https://hdl.handle.net/20.500.12866/3922,,,,,,
89,UPCH_8,Relación entre actitudes y conocimientos sobre sexualidad en madres de familia de colegios parroquiales de Manchay,UPCH,ABIERTO,"Aguilar Escarcena, Valeria Patricia",,1.0,,,,,,,,,https://hdl.handle.net/20.500.12866/3873,,,,,,
90,UPCH_9,Relación entre estrés percibido y estilos de humor en un grupo de policías de Lima Metropolitana,UPCH,ABIERTO,"López Chilca de D’Apice, María Dayana",,1.0,,,,,,,,,https://hdl.handle.net/20.500.12866/6551,,,,,,
91,,,,,,,,,,,,,,,,,,,,,,
92,UNIFE_1,Autoconcepto y desajuste del comportamiento psicosocial en estudiantes al este de Lima,UNIFE,RESTRINGIDO,"Boada Llerena, Greta Alessandra",,1.0,,,,,,,,,http://hdl.handle.net/20.500.11955/485,,,,,,
93,UNIFE_2,Conducta antisocial y juicio moral en estudiantes adolescentes al sur de Lima,UNIFE,RESTRINGIDO,"Infante Alejos, Eloisa Estefany","Vega Ramos, Caterine María",2.0,,,,,,,,,http://hdl.handle.net/20.500.11955/444,,,,,,
94,UNIFE_3,Autoconcepto y resiliencia en estudiantes de educación primaria en una institución educativa parroquial,UNIFE,RESTRINGIDO,"Albornoz Zambrano, Mayumi Jennifer","Ortíz Guevara, Dilcia",2.0,,,,,,,,,http://hdl.handle.net/20.500.11955/443,,,,,,
95,UNIFE_4,Efectos de un programa frente al estrés académico en estudiantes universitarios de Lima Metropolitana,UNIFE,RESTRINGIDO,"Mondalgo Pérez, Monica Pilar","Valderrama Oré, Nuria Gabriela",2.0,,,,,,,,,http://hdl.handle.net/20.500.11955/445,,,,,,
96,UNIFE_5,Sintomatología depresiva y resiliencia en estudiantes de educación primaria de Lima Metropolitana,UNIFE,RESTRINGIDO,"Castro Gomero, Carla Jimena","Rocha, Lorena Luján",2.0,,,,,,,,,http://hdl.handle.net/20.500.11955/402,,,,,,
97,UNIFE_6,Resiliencia y calidad de vida en adolescentes de instituciones educativas públicas del distrito de Ventanilla,UNIFE,ABIERTO,"Alarcón Turiani, Violeta Lucrecia","Prentice Palacios, Karla Andrea",2.0,,,,,,,,,http://hdl.handle.net/20.500.11955/447,,,,,,
98,UNIFE_7,Esquemas maladaptativos tempranos y depresión en pacientes de una institución de salud de Lima,UNIFE,RESTRINGIDO,"Meza Arroyo, Karla Ivette","Santayana Rengifo, Rocío Del Pilar",2.0,,,,,,,,,http://hdl.handle.net/20.500.11955/428,,,,,,
99,UNIFE_8,Inteligencia emocional y resiliencia en niños institucionalizados en un C.A.R. de Lima,UNIFE,RESTRINGIDO,"Yale Rodríguez, Indira Rosalía","Zamora Leiva, Vanessa Elizabeth",2.0,,,,,,,,,http://hdl.handle.net/20.500.11955/400,,,,,,
100,UNIFE_9,Autoestima y violencia en mujeres de 20 a 40 años del distrito de Breña,UNIFE,RESTRINGIDO,"Alvarado Romero, Katia Lisset","Becerra Coronado, Rosaluz",2.0,,,,,,,,,http://hdl.handle.net/20.500.11955/401,,,,,,
101,UNIFE_10,Percepción de conductas parentales y resiliencia en estudiantes de colegios públicos de Huachipa,UNIFE,RESTRINGIDO,"León Guadalupe, Pamela Isabel","Mendoza Najarro, Medallith Olga María",2.0,,,,,,,,,http://hdl.handle.net/20.500.11955/468,,,,,,
102,UNIFE_11,Adaptación de la escala de ansiedad en entrevistas de trabajo en postulantes en Lima.,UNIFE,ABIERTO,"Aleman Vilca, Jesica Jannet","Henriquez Lozano, Elizabeth Milagros",2.0,,,,,,,,,http://hdl.handle.net/20.500.11955/489,,,,,,
103,UNIFE_12,"Autoestima, habilidades sociales y familia disfuncional en adolescentes al Norte de Lima",UNIFE,RESTRINGIDO,"Quinteros García, Leslie Idora","Tello Cuellar, Ana Maria Kimberlyn",2.0,,,,,,,,,http://hdl.handle.net/20.500.11955/490,,,,,,
104,UNIFE_13,Propuesta de un modelo integrador para el tratamiento psicológico de la ansiedad social caso psicopedagógico,UNIFE,RESTRINGIDO,"Basurto Mesía, Naldy Antonella","Rodenas Vera, Evelyn Carla",2.0,,,,,,,,,http://hdl.handle.net/20.500.11955/440,,,,,,
105,UNIFE_14,Autoconcepto y autoeficacia académica en estudiantes de educación secundaria al oeste de Lima,UNIFE,RESTRINGIDO,"Castillo Salvatierra, Maryori Alison",,1.0,,,,,,,,,http://hdl.handle.net/20.500.11955/441,,,,,,
106,UNIFE_15,Dependencia emocional y funcionalidad familiar en estudiantes de Lima y Huancayo,UNIFE,RESTRINGIDO,"Del Carpio Portella, Gloria Luz Celeste",,1.0,,,,,,,,,http://hdl.handle.net/20.500.11955/518,,,,,,
107,,,,,,,,,,,,,,,,,,,,,,
108,UA_1,Funcionamiento familiar y resiliencia en estudiantes de secundaria de Villa María del Triunfo,UA,ABIERTO,"Gamarra Condo, Deysi Lizeth",,1.0,,,,,,,,,http://repositorio.autonoma.edu.pe/handle/AUTONOMA/620,,,,,,
109,UA_2,Compromiso organizacional y satisfacción con la vida en operarios de una empresa privada de Lima Sur,UA,ABIERTO,"Escalante Paredes, Haniel",,1.0,,,,,,,,,http://repositorio.autonoma.edu.pe/handle/AUTONOMA/598,,,,,,
110,UA_3,Resiliencia y motivación al logro académico en estudiantes de Derecho y Psicología de una Universidad Privada de Lima,UA,ABIERTO,"Arroyo Mendoza, Julio",,1.0,,,,,,,,,http://repositorio.autonoma.edu.pe/handle/AUTONOMA/615,,,,,,
111,UA_4,Agresión y autoeficacia en estudiantes de secundaria de una institución educativa de Pachacámac,UA,ABIERTO,"Gamarra Arias, Yngrid Mariccielo",,1.0,,,,,,,,,http://repositorio.autonoma.edu.pe/handle/AUTONOMA/619,,,,,,
112,UA_5,"Propiedades psicométricas y estandarización del inventario de autoestima de coopersmith en escolares de secundaria de Lima Sur: Chorrillos, Surco y Barranco",UA,ABIERTO,"Hiyo Bellido, Carmen Cecilia",,1.0,,,,,,,,,http://repositorio.autonoma.edu.pe/handle/AUTONOMA/557,,,,,,
113,UA_6,Estilos de crianza y desajuste del comportamiento psicosocial en adolescentes de una institución educativa de Villa El Salvador,UA,ABIERTO,"Narro Navarro, Wendy Karol",,1.0,,,,,,,,,http://repositorio.autonoma.edu.pe/handle/AUTONOMA/577,,,,,,
114,UA_7,Autoestima y estrés académico en estudiantes de una universidad de Lima Sur,UA,ABIERTO,"Alban Gomez, Jacqueline",,1.0,,,,,,,,,http://repositorio.autonoma.edu.pe/handle/AUTONOMA/560,,,,,,
115,UA_8,Efectos del programa expresión social en adolescentes con bajas habilidades sociales de una asociación – San Juan de Miraflores,UA,ABIERTO,"Torres Ramos, Branly Russell",,1.0,,,,,,,,,http://repositorio.autonoma.edu.pe/handle/AUTONOMA/570,,,,,,
116,UA_9,Satisfacción familiar y ansiedad en estudiantes de secundaria de una institución educativa de Villa El Salvador,UA,ABIERTO,"Ramos Retamozo, Natali Rosario",,1.0,,,,,,,,,http://repositorio.autonoma.edu.pe/handle/AUTONOMA/571,,,,,,
117,UA_10,Creencias irracionales y dependencia emocional en gestantes del CMI César López Silva del distrito de Villa El Salvador.,UA,ABIERTO,"Lazaro Felix, Diana Carolina",,1.0,,,,,,,,,http://repositorio.autonoma.edu.pe/handle/AUTONOMA/552,,,,,,
118,UA_11,Estrés académico y agresividad en estudiantes de educación secundaria de un colegio particular y estatal de Punta Negra,UA,ABIERTO,"De La Pena Oropeza, Keith Ylenia",,1.0,,,,,,,,,http://repositorio.autonoma.edu.pe/handle/AUTONOMA/551,,,,,,
119,UA_12,Satisfacción y estrés laboral en policías de la dirección de investigación criminal de Lima,UA,ABIERTO,"Vasquez Chuquilin, Judith Janeth",,1.0,,,,,,,,,http://repositorio.autonoma.edu.pe/handle/AUTONOMA/550,,,,,,
120,UA_13,Dependencia emocional y dimensiones de personalidad en trabajadoras de un centro comercial de Lima Sur,UA,ABIERTO,"Montesinos Araujo, Melissa Regina",,1.0,,,,,,,,,http://repositorio.autonoma.edu.pe/handle/AUTONOMA/622,,,,,,
121,UA_14,Depresión y dependencia emocional hacia la pareja en internos de dos establecimientos penitenciarios de Lima Metropolitana,UA,ABIERTO,"Pradera Castro, Eliana Alejandra",,1.0,,,,,,,,,http://repositorio.autonoma.edu.pe/handle/AUTONOMA/623,,,,,,
122,UA_15,"Propiedades psicométricas y estandarización del inventario de autoestima de coopersmith en escolares de secundaria de lima sur: San Juan de Miraflores, Villa María del Triunfo y Villa El Salvador",UA,ABIERTO,"Abendano Miranda, Katheryn Johanna",,1.0,,,,,,,,,http://repositorio.autonoma.edu.pe/handle/AUTONOMA/556,,,,,,
123,UA_16,Estilos de crianza y dependencia emocional en estudiantes de secundaria de una institución educativa de Villa El Salvador,UA,ABIERTO,"Sanchez Casaico, Tania",,1.0,,,,,,,,,http://repositorio.autonoma.edu.pe/handle/AUTONOMA/559,,,,,,
124,UA_17,Inteligencia emocional y conducta antisocial delictiva en estudiantes de secundaria de dos distritos de Lima Sur,UA,ABIERTO,"Quispe Rondon, Rodolfo",,1.0,,,,,,,,,http://repositorio.autonoma.edu.pe/handle/AUTONOMA/871,,,,,,
125,UA_18,"Dependencia emocional, autoestima y funcionamiento familiar en estudiantes de secundaria de dos instituciones educativas San Juan de Miraflores",UA,ABIERTO,"Segura Pillco, Aracelli Abigail",,1.0,,,,,,,,,http://repositorio.autonoma.edu.pe/handle/AUTONOMA/761,,,,,,
126,UA_19,Funcionamiento familiar y dependencia emocional en estudiantes de 4to y 5to de secundaria en instituciones educativas públicas de Lurín,UA,ABIERTO,"Caycho Ticona, Dayane Karolina",,1.0,,,,,,,,,http://repositorio.autonoma.edu.pe/handle/AUTONOMA/776,,,,,,
127,UA_20,Efectos de un programa para disminuir la depresión en mujeres adultas mayores del distrito de San Bartolo,UA,ABIERTO,"Zavaleta Ramirez, Lourdes Cristina",,1.0,,,,,,,,,http://repositorio.autonoma.edu.pe/handle/AUTONOMA/802,,,,,,
128,UA_21,Factores de riesgo psicosocial en colaboradores con alto y bajo nivel de estrés laboral en supermercados de Lima,UA,ABIERTO,"Ayala Roca, Jean Luca",,1.0,,,,,,,,,http://repositorio.autonoma.edu.pe/handle/AUTONOMA/777,,,,,,
129,UA_22,Propiedades psicométricas de la escala de violencia hacia la pareja en madres de estudiantes de Villa El Salvador,UA,ABIERTO,"Chinchay Yajahuanca, Noe",,1.0,,,,,,,,,http://repositorio.autonoma.edu.pe/handle/AUTONOMA/728,,,,,,
130,UA_23,Motivación de logro y satisfacción laboral en trabajadores de una empresa industrial en Lima,UA,ABIERTO,"Vilcamiche Salazar, Lourdes Elena",,1.0,,,,,,,,,http://repositorio.autonoma.edu.pe/handle/AUTONOMA/695,,,,,,
131,UA_24,Estilos de socialización parental y adicción al internet en estudiantes de secundaria de una institución educativa estatal de Villa El Salvador,UA,ABIERTO,"Ojeda Medina, Lesly Elena",,1.0,,,,,,,,,http://repositorio.autonoma.edu.pe/handle/AUTONOMA/706,,,,,,
132,UA_25,Propiedades psicométricas del inventario de violencia en las relaciones de parejas adolescentes en colegios nacionales de Villa El Salvador,UA,ABIERTO,"Morales Caballero, Carmen Milagros",,1.0,,,,,,,,,http://repositorio.autonoma.edu.pe/handle/AUTONOMA/692,,,,,,
133,UA_26,Consumo de drogas y estrategias de afrontamiento al estrés en estudiantes de una universidad privada de Lima Sur,UA,ABIERTO,"Arango Ramos, Judith Luliana",,1.0,,,,,,,,,http://repositorio.autonoma.edu.pe/handle/AUTONOMA/661,,,,,,
134,UA_27,Propiedades psicométricas de la escala de asertividad sexual: SAS de Morokoff en jóvenes de Lima Sur,UA,ABIERTO,"Contreras Mori, Carlos Luis",,1.0,,,,,,,,,http://repositorio.autonoma.edu.pe/handle/AUTONOMA/665,,,,,,
135,UA_28,Estudio transcultural de las actitudes sexuales en universitarios con y sin dependencia emocional de Brasil y Perú,UA,ABIERTO,"Sanchez Ferreyra, Brenda Maybee",,1.0,,,,,,,,,http://repositorio.autonoma.edu.pe/handle/AUTONOMA/662,,,,,,
136,UA_29,Apoyo social percibido y resiliencia en adolescentes embarazadas de centros de salud de Villa El Salvador,UA,ABIERTO,"Alcalde Castaneda, Stephany Nicole",,1.0,,,,,,,,,http://repositorio.autonoma.edu.pe/handle/AUTONOMA/660,,,,,,
137,UA_30,Funcionamiento familiar y motivación de logro académico en alumnos de secundaria de tres instituciones educativas de Lima Sur – 2017,UA,ABIERTO,"Pantigoso Huaman, Natalia Judith",,1.0,,,,,,,,,http://repositorio.autonoma.edu.pe/handle/AUTONOMA/693,,,,,,
138,UA_31,Agresividad y personalidad en adolescentes de dos instituciones educativas de Villa El Salvador,UA,ABIERTO,"Gutierrez Pena, Sandy Joanna",,1.0,,,,,,,,,http://repositorio.autonoma.edu.pe/handle/AUTONOMA/686,,,,,,
139,UA_32,Estilos de afrontamiento al estrés en adolescentes con buena y mala percepción del clima social familiar en una institución educativa pública de Lima Sur,UA,ABIERTO,"Valdez Ramirez, Mariella Elizabeth",,1.0,,,,,,,,,http://repositorio.autonoma.edu.pe/handle/AUTONOMA/658,,,,,,
140,UA_33,Actitudes hacia la violencia contra la mujer en la relación de pareja y dependencia emocional en estudiantes de una universidad de Villa El Salvador.,UA,ABIERTO,"Obando Angulo, Alexandra Milagros",,1.0,,,,,,,,,http://repositorio.autonoma.edu.pe/handle/AUTONOMA/555,,,,,,
141,UA_34,Funcionamiento familiar y compromiso vocacional en estudiantes de quinto de secundaria en instituciones educativas de Villa María del Triunfo,UA,ABIERTO,"Ortiz Diaz, Marine",,1.0,,,,,,,,,http://repositorio.autonoma.edu.pe/handle/AUTONOMA/659,,,,,,
142,UA_35,Apoyo social y satisfacción con la vida en adultos mayores del distrito de San Juan de Miraflores,UA,ABIERTO,"Ravello Bullon, Isabel Del Rosario",,1.0,,,,,,,,,http://repositorio.autonoma.edu.pe/handle/AUTONOMA/544,,,,,,
143,UA_36,Satisfacción familiar y calidad de vida en adolescentes de una institución educativa de San Juan de Miraflores,UA,ABIERTO,"Tueros Urbano, Yesica Yene",,1.0,,,,,,,,,http://repositorio.autonoma.edu.pe/handle/AUTONOMA/543,,,,,,
144,UA_37,"Adicción a los videojuegos y agresividad en estudiantes de secundaria de dos colegios privados de Villa María del Triunfo, 2017",UA,ABIERTO,"Vara Salas, Raquel Paola",,1.0,,,,,,,,,http://repositorio.autonoma.edu.pe/handle/AUTONOMA/558,,,,,,
145,UA_38,Satisfacción laboral y compromiso organizacional en vendedores de una empresa del sector retail de Lima Metropolitana y provincias,UA,ABIERTO,"Vega Jara, Carol Amelia",,1.0,,,,,,,,,http://repositorio.autonoma.edu.pe/handle/AUTONOMA/640,,,,,,
146,UA_39,Habilidades sociales y autoestima en escolares de 1º a 4º de secundaria de un colegio nacional de La Molina,UA,ABIERTO,"Acevedo Damian, Luis Eduardo",,1.0,,,,,,,,,http://repositorio.autonoma.edu.pe/handle/AUTONOMA/627,,,,,,
147,UA_40,Propiedades psicométricas del cuestionario de agresividad premeditada e impulsiva en adolescentes de instituciones educativas de Lima Sur,UA,ABIERTO,"Pariona Auccasi, Veronica",,1.0,,,,,,,,,http://repositorio.autonoma.edu.pe/handle/AUTONOMA/518,,,,,,
148,UA_41,Autoeficacia y optimismo atributivo en la determinación de la felicidad en estudiantes de una universidad privada de Lima Sur,UA,ABIERTO,"Alejos Velasquez, Carmen Gabriela",,1.0,,,,,,,,,http://repositorio.autonoma.edu.pe/handle/AUTONOMA/519,,,,,,
149,UA_42,Conducta antisocial y rasgos de personalidad en estudiantes de 4to y 5to año de secundaria de dos colegios estatales de Lima Sur,UA,ABIERTO,"Leon Arango, Edith",,1.0,,,,,,,,,http://repositorio.autonoma.edu.pe/handle/AUTONOMA/454,,,,,,
150,UA_43,Rasgos de personalidad en universitarios con y sin asertividad sexual en una universidad privada de Lima,UA,ABIERTO,"Varillas Chacaltana, Mayra Alejandra",,1.0,,,,,,,,,http://repositorio.autonoma.edu.pe/handle/AUTONOMA/533,,,,,,
151,UA_44,"Clima social familiar e inteligencia emocional en estudiantes de tercero a quinto de secundaria de Villa María del Triunfo, Lima",UA,ABIERTO,"Aragon Huamani, Judith Vanessa",,1.0,,,,,,,,,http://repositorio.autonoma.edu.pe/handle/AUTONOMA/453,,,,,,
152,UA_45,Funcionamiento familiar y procrastinación académica en estudiantes de una universidad privada de Lima Sur,UA,ABIERTO,"Fuentes Flores, Wemdy Guadalupe",,1.0,,,,,,,,,http://repositorio.autonoma.edu.pe/handle/AUTONOMA/531,,,,,,
153,UA_46,Estilos parentales y conducta antisocial en estudiantes de secundaria de una institución educativa de Villa El Salvador,UA,ABIERTO,"Ochoa Carhuamaca, Jenny Karen",,1.0,,,,,,,,,http://repositorio.autonoma.edu.pe/handle/AUTONOMA/471,,,,,,
154,UA_47,Síndrome de Burnout e interacción trabajo-familia en una asociación de comerciantes de San Juan de Miraflores,UA,ABIERTO,"Minaya Castillo, Nataly Melissa",,1.0,,,,,,,,,http://repositorio.autonoma.edu.pe/handle/AUTONOMA/472,,,,,,
155,UA_48,Relaciones intrafamiliares y adicción a internet en estudiantes de secundaria de una institución de Villa María del Triufo,UA,ABIERTO,"Palomares Gonzales, Rosa Karolina",,1.0,,,,,,,,,http://repositorio.autonoma.edu.pe/handle/AUTONOMA/450,,,,,,
156,UA_49,Autoestima y proyecto de vida en estudiantes de secundaria de una institución educativa de Villa El Salvador,UA,ABIERTO,"Franco Supanta, Patricia Stephanie",,1.0,,,,,,,,,http://repositorio.autonoma.edu.pe/handle/AUTONOMA/452,,,,,,
157,,,,,,,,,,,,,,,,,,,,,,
158,UPN_1,Estilos de apego y bienestar psicológico en estudiantes de secundaria de un colegio del cono norte de Lima,UPN,ABIERTO,"Ojeda Gálvez, Blanca Anne",,1.0,,,,,,,,,https://hdl.handle.net/11537/13446,,,,,,
159,UPN_2,Incidencia de los comprobantes de pago en el crédito fiscal de la empresa L&L Constructora e Inmobiliaria S.A.C. 2016,UPN,EMBARGADO,"Lozada Díaz, Lucy Maribel","Abrego Villavicencio, Luis",2.0,,,,,,,,,https://hdl.handle.net/11537/13447,,,,,,
160,UPN_3,"Propuesta de mejora de procesos de consulta externa para disminuir el tiempo de atención en el Hospital Nacional Cayetano Heredia, año 2017",UPN,ABIERTO,"Mendoza Díaz, Mónica Isabel",,1.0,,,,,,,,,https://hdl.handle.net/11537/13448,,,,,,
161,UPN_4,"Habilidades sociales en estudiantes de Psicología de una universidad particular de Lima - norte, 2018",UPN,ABIERTO,"Castro Sánchez, Fiorella Celinda",,1.0,,,,,,,,,https://hdl.handle.net/11537/14300,,,,,,
162,UPN_5,Estrés y competencias parentales en padres de niños con habilidades diferentes de un Centro Educativo Especial del distrito de Los Olivos,UPN,EMBARGADO,"Vásquez Correa, Eva",,1.0,,,,,,,,,https://hdl.handle.net/11537/15301,,,,,,
163,UPN_6,Funcionamiento familiar y conductas antisociales en estudiantes de secundaria de una institución educativa estatal del distrito de Puente Piedra - 2016,UPN,EMBARGADO,"Rivero Retamozo, Andrea Stefanny del Pilar",,1.0,,,,,,,,,https://hdl.handle.net/11537/13454,,,,,,
164,UPN_7,Trastornos de la personalidad en dependientes de alcohol y pasta básica de cocaína de un centro terapéutico de Puente Piedra,UPN,EMBARGADO,"Poemape Santivañez, Estephany Lizet",,1.0,,,,,,,,,https://hdl.handle.net/11537/13564,,,,,,
165,UPN_8,Optimismo y felicidad en estudiantes de psicología de una universidad privada de Lima Metropolitana,UPN,ABIERTO,"Salazar Vargas, Mitzú",,1.0,,,,,,,,,https://hdl.handle.net/11537/12913,,,,,,
166,UPN_9,Optimismo y procrastinación académica en estudiantes universitarios de una universidad privada de Lima Metropolitana,UPN,EMBARGADO,"Quispe Castillo, Amber Darcy",,1.0,,,,,,,,,https://hdl.handle.net/11537/13639,,,,,,
167,,,,,,,,,,,,,,,,,,,,,,
168,USMP_1,Inteligencia emocional y creencias irracionales en escolares de 4° y 5° de secundaria de un colegio nacional de San Martín de Porres,USMP,ABIERTO,"Ramos Herrera, Ninoska Lourdes",,1.0,,,,,,,,,https://hdl.handle.net/20.500.12727/4302,,,,,,
169,USMP_2,Estudio de caso clínico : programa de intervención cognitivo conductual para un caso de fobia social,USMP,ABIERTO,"Pacheco Cerna, Priscilla Lira",,1.0,,,,,,,,,https://hdl.handle.net/20.500.12727/4306,,,,,,
170,USMP_3,Estudio de caso clínico: intervención cognitivo conductual en un caso de fobia social,USMP,ABIERTO,"Acosta Huayama, Rosa María",,1.0,,,,,,,,,https://hdl.handle.net/20.500.12727/4203,,,,,,
171,USMP_4,"Estudio de caso comunitario: Proyecto educación temprana en el Hogar ""Juego y Aprendo"" versión II Pachacutec-Ventanilla",USMP,ABIERTO,"Barreto Ríos, Merlyn",,1.0,,,,,,,,,https://hdl.handle.net/20.500.12727/3484,,,,,,
172,USMP_5,Estudio de caso clínico: terapia cognitiva en un trastorno de pánico,USMP,ABIERTO,"Fernandez Valdivia, Bruno",,1.0,,,,,,,,,https://hdl.handle.net/20.500.12727/3529,,,,,,
173,USMP_6,Estudio de caso organizacional: Programa de socialización para nuevos colaboradores de una empresa corredora de seguros de categoría MYPE en la ciudad de Lima,USMP,ABIERTO,"Flores Atencio, Percy Rodolfo",,1.0,,,,,,,,,https://hdl.handle.net/20.500.12727/4204,,,,,,
174,USMP_7,"Influencia del programa ""Entrenando mis habilidades sociales"" en la convivencia escolar en estudiantes de sexto grado de primaria",USMP,ABIERTO,"Flores Mejia, Gisella Socorro",,1.0,,,,,,,,,https://hdl.handle.net/20.500.12727/4538,,,,,,
175,USMP_8,Inteligencia emocional y estilos de afrontamiento al estrés en estudiantes de una universidad privada,USMP,ABIERTO,"Lunahuana Rosales, Manuel Alexander",,1.0,,,,,,,,,https://hdl.handle.net/20.500.12727/4254,,,,,,
176,USMP_9,Estudio de caso clínico: Intervención cognitivo conductual en un caso clínico de fobia social,USMP,ABIERTO,"Huertas Cercado, Lisette Katherine",,1.0,,,,,,,,,https://hdl.handle.net/20.500.12727/4532,,,,,,
177,USMP_10,Estudio de caso clínico : tratamiento cognitivo conductual en un caso de fobia social,USMP,ABIERTO,"Laya Vargas, Teresa Monica Judith",,1.0,,,,,,,,,https://hdl.handle.net/20.500.12727/4303,,,,,,
178,USMP_11,Estudio de caso clínico : intervención cognitivo-conductual en un caso de trastorno obsesivo-compulsivo,USMP,ABIERTO,"Mariscal Del Castillo, Daniel Arturo",,1.0,,,,,,,,,https://hdl.handle.net/20.500.12727/4308,,,,,,
179,USMP_12,Estudio de caso educativo: programa para reducir los problemas de conducta de un adolescente,USMP,ABIERTO,"Leon Poma, Daniela",,1.0,,,,,,,,,https://hdl.handle.net/20.500.12727/4531,,,,,,
180,USMP_13,Estudio de caso clínico-educativo: programa de atención y hábitos para comer adecuadamente en un niño con espectro autista,USMP,ABIERTO,"Ormeño Ruiz, Katia Elizabeth",,1.0,,,,,,,,,https://hdl.handle.net/20.500.12727/4533,,,,,,
181,USMP_14,Autoeficacia y rendimiento académico en alumnos de 1° y 2° año de secundaria de un colegio privado de Lima,USMP,ABIERTO,"Portilla Vargas, Katherine Melissa",,1.0,,,,,,,,,https://hdl.handle.net/20.500.12727/4581,,,,,,
182,USMP_15,Resiliencia y ajuste mental en mujeres con cáncer de mama y quimioterapia del Instituto Nacional de Enfermedades Neoplásicas,USMP,ABIERTO,"Torres Villalobos, Guadalupe",,1.0,,,,,,,,,https://hdl.handle.net/20.500.12727/3722,,,,,,
183,,,,,,,,,,,,,,,,,,,,,,
184,UARM_1,Estresores postparto en madres primerizas de Lima Metropolitana,UARM,ABIERTO,"Salazar Espino, Karen María",,1.0,,,,,,,,,http://hdl.handle.net/20.500.12833/2011,,,,,,
185,UARM_2,Uso de prácticas de crianza de madres con hijos e hijas con Síndrome de Down,UARM,ABIERTO,"Portillo Tinoco, Diego André",,1.0,,,,,,,,,http://hdl.handle.net/20.500.12833/1935,,,,,,
186,UARM_3,Representaciones sociales sobre la masculinidad y su relación con la violencia de pareja según jóvenes universitarios,UARM,ABIERTO,"Mio Torres, Luis Edwards",,1.0,,,,,,,,,http://hdl.handle.net/20.500.12833/1936,,,,,,
187,UARM_4,Estrategias de afrontamiento en situaciones de estrés académico en universitarios migrantes de una universidad privada de Lima Metropolitana,UARM,RESTRINGIDO,"Olivera Alberca, Yolanda",,1.0,,,,,,,,,http://hdl.handle.net/20.500.12833/1981,,,,,,
188,UARM_5,Satisfacción con servicios en estudiantes de un Instituto de Educación Superior Tecnológico Público de Lima Metropolitana,UARM,ABIERTO,"Gutiérrez Manzaneda, Arnold Roy",,1.0,,,,,,,,,http://hdl.handle.net/20.500.12833/1937,,,,,,
189,UARM_6,"Factores asociados al desarrollo de lenguaje en niños que asisten a dos centros educativos iniciales en un asentamiento humano en Pachacutec, Ventanilla, Callao",UARM,ABIERTO,"Remy Cruz, Michele Alessandra",,1.0,,,,,,,,,http://hdl.handle.net/20.500.12833/51,,,,,,
190,,,,,,,,,,,,,,,,,,,,,,
191,URP_1,Adaptación y validación de la escala de Ansiedad Social de Liebowitz en muestra clínica de un hospital estatal,URP,ABIERTO,"Franco Jimenez, Rulman Andrei","Pérez Moscoso, Claudia Lisseth",2.0,,,,,,,,,http://repositorio.urp.edu.pe/handle/URP/1156,,,,,,
192,URP_2,Inteligencia emocional en pacientes oncológicos según el sexo,URP,ABIERTO,"Alejos Vera, Raúl Andrés","Cambero Aguilar, Sonia Milagros",2.0,,,,,,,,,http://repositorio.urp.edu.pe/handle/URP/1155,,,,,,
193,URP_3,Indicadores del maltrato infantil en jóvenes y adultos a través del Test de La Figura Humana De Machover,URP,ABIERTO,"Vilallonga Ugarte, Brenda Renée",,1.0,,,,,,,,,http://repositorio.urp.edu.pe/handle/URP/1198,,,,,,
194,URP_4,Duelo anticipatorio en familiares de pacientes oncológicos,URP,ABIERTO,"Sotomayor Luján, Tady",,1.0,,,,,,,,,http://repositorio.urp.edu.pe/handle/URP/1157,,,,,,
195,URP_5,Depresión y ansiedad en pacientes adultos en hemodiálisis de un Hospital Nacional de La Policía Nacional del Perú,URP,ABIERTO,"Guillen Calvo, Jessica","Ordoñez Campos, Rossana",2.0,,,,,,,,,http://repositorio.urp.edu.pe/handle/URP/1199,,,,,,
196,URP_6,Rasgos de personalidad de progenitores con hijos con déficit de atención e hiperactividad en Lima Metropolitana,URP,ABIERTO,"Villanueva Gómez, Renzo Rodrigo",,1.0,,,,,,,,,http://repositorio.urp.edu.pe/handle/URP/1158,,,,,,
197,URP_7,INTELIGENCIA EMOCIONAL EN ESTUDIANTES DE ENFERMERÍA DE UN INSTITUTO SUPERIOR TECNOLÓGICO EN PUENTE PIEDRA,URP,ABIERTO,"LAVADO PANTOJA, ROSA AMÉRICA",,1.0,,,,,,,,,http://repositorio.urp.edu.pe/handle/URP/1429,,,,,,
198,URP_8,ASERTIVIDAD Y AGRESIVIDAD EN ESTUDIANTES DE PSICOLOGÍA Y MEDICINA HUMANA DE UNA UNIVERSIDAD PARTICULAR EN LIMA APLICANDO EL INVENTARIO DE BAKKER ADAPTADO,URP,ABIERTO,"Olivari Solís Rosas, Paolo Donato","Pezzia Wong, Carmen Clelia",2.0,,,,,,,,,http://repositorio.urp.edu.pe/handle/URP/1428,,,,,,
199,URP_9,ESTILOS DE AFRONTAMIENTO Y FELICIDAD EN ESTUDIANTES DE LA FACULTAD DE PSICOLOGÍA DE UNA UNIVERSIDAD PARTICULAR DE LIMA,URP,ABIERTO,"CÓRDOVA LOYOLA, JUAN MANUEL","SULCA SEQUEIROS, LUCÍA VERÓNICA",2.0,,,,,,,,,http://repositorio.urp.edu.pe/handle/URP/1424,,,,,,
200,URP_10,"VALIDACION DEL INVENTARIO DE SENSIBILIDAD AMBIENTAL Y CORPORAL DE SCHIENLE, WALTER, STARK Y VAITL EN UN GRUPO DE ESTUDIANTES DE LA CIUDAD DE LIMA",URP,ABIERTO,"Albert Caro, Cynthia",,1.0,,,,,,,,,http://repositorio.urp.edu.pe/handle/URP/1430,,,,,,
201,URP_11,Dependencia Emocional en Parejas y Dimensiones de la Personalidad en Miembros de una Escuela de Oficiales PNP,URP,ABIERTO,"Alvarez Palomino, Juana Luisa Giovana",,1.0,,,,,,,,,http://repositorio.urp.edu.pe/handle/URP/1425,,,,,,
202,URP_12,TRÍADA OSCURA DE LA PERSONALIDAD Y VALORES MORALES PRIMITIVOS EN UNIVERSITARIOS,URP,ABIERTO,"Chuquipiondo Cebreros, Alessandra",,1.0,,,,,,,,,http://repositorio.urp.edu.pe/handle/URP/1426,,,,,,
203,URP_13,Comportamientos de bullying en adolescentes de educación secundaria de colegios públicos de Moyobamba,URP,ABIERTO,"Ortega García, Carolina del Carmen","Tomanguillo Villacorta, Leslie Karem",2.0,,,,,,,,,http://repositorio.urp.edu.pe/handle/URP/1517,,,,,,
204,URP_14,Desarrollo de Habilidades Sociales en el Teatro Informe de Investigación,URP,ABIERTO,"Pantoja Castilla, Marianella Milagros","Calero López, Cristian Israel",2.0,,,,,,,,,http://repositorio.urp.edu.pe/handle/URP/1519,,,,,,
205,URP_15,Actitud materna durante la primera infancia en la Comunidad Urbana Autogestionaria de Huaycán Ate-Vitarte,URP,ABIERTO,"Ugarte Vergara, Yanina Magally",,1.0,,,,,,,,,http://repositorio.urp.edu.pe/handle/URP/1518,,,,,,
206,URP_16,Evitación experiencial y ansiedad en estudiantes de una universidad privada de Lima Metropolitana,URP,ABIERTO,"Guillén Chávez, Lando",,1.0,,,,,,,,,http://repositorio.urp.edu.pe/handle/URP/1610,,,,,,
207,URP_17,Ansiedad y resiliencia en personas con ceguera congénita y adquirida,URP,ABIERTO,"Morales Tejada, Melissa Rossana",,1.0,,,,,,,,,http://repositorio.urp.edu.pe/handle/URP/1917,,,,,,
208,URP_18,Estrategias de aprendizaje y rendimiento académico en estudiantes de quinto de secundaria de una institución educativa pública de Huanta,URP,ABIERTO,"Arroyo Valenzuela, Juan Luigi","Rogger Alonso, Luque Ayala",2.0,,,,,,,,,http://repositorio.urp.edu.pe/handle/URP/1926,,,,,,
209,URP_19,"Clima motivacional de clase y rendimiento escolar en matemática, en una institución educativa particular de Lima",URP,ABIERTO,"Castillo Ramírez, Fiorella Elizabeth","Falcón Barreto, Sandra Janeth",2.0,,,,,,,,,http://repositorio.urp.edu.pe/handle/URP/1918,,,,,,
210,URP_20,Socialización parental y expectativas frente al futuro en adolescentes de quinto de secundaria de un colegio de Barranco,URP,ABIERTO,"Ferreyra Ormeño, Thalía Dessiré",,1.0,,,,,,,,,http://repositorio.urp.edu.pe/handle/URP/1923,,,,,,
211,URP_21,Programa lúdico musical para mejorar las habilidades psicolingüísticas en niños de 3 a 5 años de un centro de educación inicial de Santiago de Surco,URP,ABIERTO,"González Saldaña, Maria Elena",,1.0,,,,,,,,,http://repositorio.urp.edu.pe/handle/URP/1924,,,,,,
212,URP_22,Dependencia Emocional hacia la Pareja en Universitarios de una Facultad de Psicología,URP,ABIERTO,"Beneyto Correa, José Andrés",,1.0,,,,,,,,,http://repositorio.urp.edu.pe/handle/URP/1920,,,,,,
213,URP_23,Nomofobia y rasgos de personalidad en estudiantes de una universidad privada de Lima Metropolitana,URP,ABIERTO,"Ramirez Dávila, Katerin María","Vargas Breña, Isamar Astrid",2.0,,,,,,,,,http://repositorio.urp.edu.pe/handle/URP/1922,,,,,,
214,URP_24,Niveles de estrés laboral y riesgos psicosociales laborales en tripulantes de cabina de una aerolínea en Perú,URP,ABIERTO,"Rupay Huarcaya, Saúl Enrique",,1.0,,,,,,,,,http://repositorio.urp.edu.pe/handle/URP/1919,,,,,,
215,URP_25,Adaptación y propiedades Psicométricas de la Escala de Creencia Global en un Mundo Justo de Lipkus (GBJW),URP,ABIERTO,"Oqueliz Rosas, Pedro Jose",,1.0,,,,,,,,,http://repositorio.urp.edu.pe/handle/URP/1929,,,,,,
216,URP_26,Inteligencia Emocional en Alumnos Regulares y Becados del Cuarto Año de Secundaria de una Institución Educativa Privada de Lima Metropolitana,URP,ABIERTO,"Soria Quispe, Humberto Jesús","Torres Alarcón, Norka Sujey",2.0,,,,,,,,,http://repositorio.urp.edu.pe/handle/URP/1940,,,,,,
217,URP_27,Clima laboral en trabajadores a tiempo completo y a tiempo parcial de una empresa de comida rápida de lima metropolitana,URP,ABIERTO,"Del Alcázar Bardales, Lissete Adriana","Gómez Retamozo, Kenia",2.0,,,,,,,,,http://repositorio.urp.edu.pe/handle/URP/1941,,,,,,
218,URP_28,Inteligencia Emocional y Rendimiento Académico en Estudiantes de 4to al 6to Grado de Primaria de un Colegio Estatal de Lima,URP,ABIERTO,"Salazar Padilla, Wendy Yeraldín",,1.0,,,,,,,,,http://repositorio.urp.edu.pe/handle/URP/1613,,,,,,
219,URP_29,Estrategias en el aula de integración sensorial en niños con TDAH,URP,ABIERTO,"Piña Peixoto, Alexandra",,1.0,,,,,,,,,http://repositorio.urp.edu.pe/handle/URP/1611,,,,,,
220,URP_30,Implicancias del involucramiento parental en el rendimiento académico,URP,ABIERTO,"Peña Salas, Patricia del Pilar","Taboada Castañeda, Mónica",2.0,,,,,,,,,http://repositorio.urp.edu.pe/handle/URP/1612,,,,,,
221,URP_31,"Expresión de ira, según género, en estudiantes del quinto de secundaria de una institución educativa",URP,ABIERTO,"Medina Rios, Patricia Victoria",,1.0,,,,,,,,,http://repositorio.urp.edu.pe/handle/URP/1625,,,,,,
222,URP_32,Objetivos vitales en adolescentes de un Centro de Rehabilitación y Diagnóstico y de un colegio Estatal de Lima,URP,ABIERTO,"Magán Jaén, Abraham Alexander",,1.0,,,,,,,,,http://repositorio.urp.edu.pe/handle/URP/1630,,,,,,
223,URP_33,Percepción de los estilos de crianza parentales y habilidades sociales en adolescentes de una universidad privada de Lima Metropolitana,URP,ABIERTO,"Villalobos Páliza, Laura Leticia",,1.0,,,,,,,,,http://repositorio.urp.edu.pe/handle/URP/1627,,,,,,
224,URP_34,Estrategias de aprendizaje en estudiantes de los últimos años en la educación secundaria,URP,ABIERTO,"Capcha Benites, Gloria Allison",,1.0,,,,,,,,,http://repositorio.urp.edu.pe/handle/URP/1628,,,,,,
225,URP_35,Indicadores de Salud Ocupacional en operarios de construcción civil de Lima Metropolitana,URP,ABIERTO,"Huauya Perez, Luis Antonio",,1.0,,,,,,,,,http://repositorio.urp.edu.pe/handle/URP/1626,,,,,,
226,URP_36,Dependencia al celular y felicidad en colegios privados de Villa el Salvador en Lima,URP,ABIERTO,"Soria Carbajal, Lisset Karol",,1.0,,,,,,,,,http://repositorio.urp.edu.pe/handle/URP/1629,,,,,,
227,URP_37,La metodología activa como estrategia para el aprendizaje en la formulación de inventarios de recursos turísticos,URP,ABIERTO,"Schmidt Urdanivia, Johannes",,1.0,,,,,,,,,http://repositorio.urp.edu.pe/handle/URP/1614,,,,,,
228,URP_38,Bienestar Psicológico en estudiantes (según semestre de estudios y género) de una universidad privada de Lima,URP,ABIERTO,"Campos Ugaz, Daniel",,1.0,,,,,,,,,http://repositorio.urp.edu.pe/handle/URP/1624,,,,,,
229,URP_39,Motivación e Intereses Vocacionales en Estudiantes del Quinto Año de Secundaria de dos Colegios estatales en el distrito de Los Olivos,URP,ABIERTO,"Haro Castro, Nathaly Graciela",,1.0,,,,,,,,,http://repositorio.urp.edu.pe/handle/URP/2317,,,,,,
230,,,,,,,,,,,,,,,,,,,,,,
231,UNFV_1,Apoyo social percibido y adherencia al tratamiento antirretroviral de gran actividad en pacientes adultos con virus de la inmunodeficiencia humana atendidos en el Hospital Nacional Dos de Mayo,UNFV,ABIERTO,"Sullón Nizama, María Ygnacia",,1.0,,,,,,,,,http://repositorio.unfv.edu.pe/handle/UNFV/2165,,,,,,
232,UNFV_2,Calidad de servicio percibido por colaboradores externos del Aeropuerto Internacional Jorge Chávez – 2017,UNFV,ABIERTO,"Fernández La Torre, Carlos Oscar",,1.0,,,,,,,,,http://repositorio.unfv.edu.pe/handle/UNFV/2244,,,,,,
233,UNFV_3,Clima y compromiso organizacional en el personal de salud de la red San Juan de Miraflores - Villa María del Triunfo-octubre 2016,UNFV,ABIERTO,"Mendoza Cañañaupa, Aurora Milagros",,1.0,,,,,,,,,http://repositorio.unfv.edu.pe/handle/UNFV/2264,,,,,,
234,UNFV_4,Aplicación de contingencias maternas en la crianza de hijos con habilidades diferentes en tres centros educativos de Trujillo,UNFV,ABIERTO,"Sagástegui Guarníz, Lucía Soledad",,1.0,,,,,,,,,http://repositorio.unfv.edu.pe/handle/UNFV/2330,,,,,,
235,UNFV_5,Inteligencia emocional en colaboradores internos de una empresa de servicios de recursos humanos y selección de Lima- 2016,UNFV,ABIERTO,"Salas Rodríguez, Jorge Daniel",,1.0,,,,,,,,,http://repositorio.unfv.edu.pe/handle/UNFV/2331,,,,,,
236,UNFV_6,Influencia de las dimensiones de la personalidad y satisfacción laboral en la prevalencia de riesgos de seguridad y salud en el trabajo,UNFV,ABIERTO,"Ayquipa Montoya, Florby Brisset",,1.0,,,,,,,,,http://repositorio.unfv.edu.pe/handle/UNFV/2497,,,,,,
237,UNFV_7,Compromiso organizacional y desempeño laboral en el personal de una empresa del rubro retail de Lima Metropolitana 2018,UNFV,ABIERTO,"Guillén Leguía, Enid Magnori",,1.0,,,,,,,,,http://repositorio.unfv.edu.pe/handle/UNFV/2619,,,,,,
238,UNFV_8,"Clima social familiar y resiliencia en estudiantes de 3ro, 4to y 5to año de secundaria de dos colegios estatales del distrito de San Martín de Porres",UNFV,ABIERTO,"Egoavil Rivera, Maciel Erika",,1.0,,,,,,,,,http://repositorio.unfv.edu.pe/handle/UNFV/2166,,,,,,
239,UNFV_9,La violencia familiar en escolares de primaria de instituciones educativas de la Región Cajamarca - 2016,UNFV,ABIERTO,"Barboza Castillo, Danitza Alexandra",,1.0,,,,,,,,,http://repositorio.unfv.edu.pe/handle/UNFV/2153,,,,,,
240,UNFV_10,"Estrategias de afrontamiento y funcionamiento familiar en adolescentes de una Institución Educativa de Jesús María, Lima",UNFV,ABIERTO,"Choque Pariona, Eveling Andrea",,1.0,,,,,,,,,http://repositorio.unfv.edu.pe/handle/UNFV/2057,,,,,,
241,UNFV_11,Experiencia profesional en la I. E.P. “Bertolt Brecht” del Cercado de Lima,UNFV,ABIERTO,"Pizán Arquinio, Bertha Mayverick",,1.0,,,,,,,,,http://repositorio.unfv.edu.pe/handle/UNFV/2303,,,,,,
242,UNFV_12,Experiencia profesional en el servicio de psicología de “Grifo San Ignacio SAC”,UNFV,ABIERTO,"Chávez Cárhuas, Iván Odón",,1.0,,,,,,,,,http://repositorio.unfv.edu.pe/handle/UNFV/2332,,,,,,
243,UNFV_13,Agresividad y búsqueda de sensaciones en adolescentes infractores y no infractores de Lima,UNFV,ABIERTO,"García Ponte, Nataly Daniska",,1.0,,,,,,,,,http://repositorio.unfv.edu.pe/handle/UNFV/2341,,,,,,
244,UNFV_14,Clima familiar y resentimiento en jóvenes de un Instituto de Educación Superior de Lima Metropolitana,UNFV,ABIERTO,"Santana Montañez, Flor Inés",,1.0,,,,,,,,,http://repositorio.unfv.edu.pe/handle/UNFV/2461,,,,,,
245,UNFV_15,Funcionamiento familiar y bienestar psicológico en estudiantes de una Universidad Nacional de Lima metropolitana,UNFV,ABIERTO,"Boza Basilio, Mindy Kaory",,1.0,,,,,,,,,http://repositorio.unfv.edu.pe/handle/UNFV/2865,,,,,,
246,UNFV_16,Ansiedad Y Habilidades Sociales En Escolares De Instituciones Educativas Nacionales De La Ugel 05 Distrito De San Juan De Lurigancho - Lima Metropolitana 2016,UNFV,ABIERTO,"Castro Coronel, Carla Nancy",,1.0,,,,,,,,,http://repositorio.unfv.edu.pe/handle/UNFV/2004,,,,,,
247,UNFV_17,Propiedades psicométricas de la escala de estilos de socialización parental en adolescentes de una institución educativa-Ventanilla,UNFV,ABIERTO,"Camán Gonzales, Lesly Margory",,1.0,,,,,,,,,http://repositorio.unfv.edu.pe/handle/UNFV/3074,,,,,,
248,UNFV_18,Clima social familiar y dependencia emocional en pacientes atendidos en una clínica universitaria de servicios psicológicos de Lima Metropolitana,UNFV,ABIERTO,"Enríquez Illescas, Diana Gabriela",,1.0,,,,,,,,,http://repositorio.unfv.edu.pe/handle/UNFV/2664,,,,,,
249,UNFV_19,Valores interpersonales y rendimiento académico en estudiantes de secundaria en una Institución Educativa de Lima Metropolitana,UNFV,ABIERTO,"Ventosilla Melchor, Mayra Isabel",,1.0,,,,,,,,,http://repositorio.unfv.edu.pe/handle/UNFV/2666,,,,,,
250,UNFV_20,Sindrome de burnout en trabajadores de mineria y pesqueria con largas jornadas laborales,UNFV,ABIERTO,"Gavidia Gavidia, Laura",,1.0,,,,,,,,,http://repositorio.unfv.edu.pe/handle/UNFV/2625,,,,,,
251,UNFV_21,Propiedades psicométricas de la escala de creencias de mujeres de O´Kelly en madres de estudiantes de una I.E de Carabayllo,UNFV,ABIERTO,"Alfaro Porras, Indira Gandhy",,1.0,,,,,,,,,http://repositorio.unfv.edu.pe/handle/UNFV/2718,,,,,,
252,UNFV_22,Estilos de crianza y resiliencia en estudiantes de un centro preuniversitario de Lima,UNFV,ABIERTO,"Penadillo Rojas, Verenice",,1.0,,,,,,,,,http://repositorio.unfv.edu.pe/handle/UNFV/2623,,,,,,
253,UNFV_23,Implementación de un Modelo de Formación basado en la Gestión del Conocimiento en una Empresa de Servicios Logísticos en el Callao,UNFV,ABIERTO,"Chang Paricela, Carlo Enrique",,1.0,,,,,,,,,http://repositorio.unfv.edu.pe/handle/UNFV/3008,,,,,,
254,UNFV_24,Programa De Mejora Conductual De Seguridad Basada En Comportamientos En Una Empresa Del Sector De Construcción,UNFV,ABIERTO,"Guimac Oblitas, Tania Alejandra",,1.0,,,,,,,,,http://repositorio.unfv.edu.pe/handle/UNFV/2058,,,,,,
255,UNFV_25,Propiedades psicométricas del cuestionario exposición a la violencia en estudiantes de secundaria de I. E. público del distrito de Independencia,UNFV,ABIERTO,"Moreano Cuellar, Nérida",,1.0,,,,,,,,,http://repositorio.unfv.edu.pe/handle/UNFV/2340,,,,,,
256,UNFV_26,Autoestima y uso de facebook en estudiantes de quinto año de secundaria,UNFV,ABIERTO,"Rossel Nole, Reisa Amalia",,1.0,,,,,,,,,http://repositorio.unfv.edu.pe/handle/UNFV/2164,,,,,,
257,UNFV_27,"Resiliencia en adolescentes y jóvenes del programa de formación y empleo de la fundación forge Lima Norte, 2017",UNFV,ABIERTO,"Jiménez Yllahuamán, Daniel Aldrin",,1.0,,,,,,,,,http://repositorio.unfv.edu.pe/handle/UNFV/2624,,,,,,
258,UNFV_28,Satisfacción laboral en trabajadores administrativos de una ONG de Lima Metropolitana,UNFV,ABIERTO,"Bonilla Rios, Gina Lilian",,1.0,,,,,,,,,http://repositorio.unfv.edu.pe/handle/UNFV/2653,,,,,,
259,UNFV_29,"Funcionamiento familiar y claridad del autoconcepto en estudiantes de una universidad pública de lima metropolitana, año 2017",UNFV,ABIERTO,"Jurado Delgado, Carol Stephany",,1.0,,,,,,,,,http://repositorio.unfv.edu.pe/handle/UNFV/3220,,,,,,
260,UNFV_30,Características Psicométricas de la prueba de Inteligencia General G-36,UNFV,ABIERTO,"Córdova Almanza, Rosa Eve",,1.0,,,,,,,,,http://repositorio.unfv.edu.pe/handle/UNFV/2152,,,,,,
261,UNFV_31,Habilidades sociales en adolescentes en las poblaciones vulnerables del Vraem Pariahuanca Huancayo - Junín 2017,UNFV,ABIERTO,"Lazo Samaniego, Tito Daniel",,1.0,,,,,,,,,http://repositorio.unfv.edu.pe/handle/UNFV/2405,,,,,,
262,UNFV_32,Autoestima y dependencia emocional en alumnos de primer año de la Facultad de Psicología de una Universidad Nacional de Lima Metropolitana,UNFV,ABIERTO,"Pasapera Coca, Diego Felipe",,1.0,,,,,,,,,http://repositorio.unfv.edu.pe/handle/UNFV/2650,,,,,,
263,UNFV_33,Percepción social de la calidad educativa en docentes y padres de familia de una Institución Educativa De San Juan De Lurigancho,UNFV,ABIERTO,"Quispe Halire, Wilfredo",,1.0,,,,,,,,,http://repositorio.unfv.edu.pe/handle/UNFV/2381,,,,,,
264,UNFV_34,Estrés académico en estudiantes de una Universidad Nacional De Lima Metropolitana,UNFV,ABIERTO,"Venancio Reyes, Guiovane Antonia",,1.0,,,,,,,,,http://repositorio.unfv.edu.pe/handle/UNFV/2383,,,,,,
265,UNFV_35,Percepción de las estrategias de enseñanza y del desempeño personal-social docente en estudiantes de secundaria de una Institución Educativa de Lima Metropolitana,UNFV,ABIERTO,"Malaver Ramirez, Lidia Rosalinda",,1.0,,,,,,,,,http://repositorio.unfv.edu.pe/handle/UNFV/2491,,,,,,
266,UNFV_36,Adiccion al trabajo y calidad de vida laboral en una empresa consultora de Lima Metropolitana,UNFV,ABIERTO,"Vega Lovera, José Edison",,1.0,,,,,,,,,http://repositorio.unfv.edu.pe/handle/UNFV/2581,,,,,,
267,UNFV_37,Calidad de vida y bienestar psicológico en estudiantes de psicologia de una Universidad Nacional de Lima Metropolitana,UNFV,ABIERTO,"Tello Sullca, Jesús",,1.0,,,,,,,,,http://repositorio.unfv.edu.pe/handle/UNFV/2260,,,,,,
268,UNFV_38,Adicción al facebook y comunicación padres - adolescente en estudiantes de secundaria de una institución educativa,UNFV,ABIERTO,"García Rojas, José Luis",,1.0,,,,,,,,,http://repositorio.unfv.edu.pe/handle/UNFV/2262,,,,,,
269,UNFV_39,Conductas De Participación Ciudadana En Jóvenes Universitarios Y De Organizaciones De Lima Metropolitana,UNFV,ABIERTO,"Fernández Rodríguez, Rosemary Yanet",,1.0,,,,,,,,,http://repositorio.unfv.edu.pe/handle/UNFV/1908,,,,,,
270,UNFV_40,Resiliencia en estudiantes de primaria de una Institución Educativa de Lima Este,UNFV,ABIERTO,"Palacios Rojas, Emily Elvira",,1.0,,,,,,,,,http://repositorio.unfv.edu.pe/handle/UNFV/2652,,,,,,
271,UNFV_41,Rendimiento académico y ansiedad ante los exámenes en estudiantes de un Centro Pre Universitario de Lima,UNFV,ABIERTO,"Chávez Vargas, Gladys María",,1.0,,,,,,,,,http://repositorio.unfv.edu.pe/handle/UNFV/2462,,,,,,
272,UNFV_42,Sintomas Psicopatologicos en estudiantes de una Facultad De Psicologia de Lima,UNFV,ABIERTO,"Sanchez Tafur, Ayrton Manuel",,1.0,,,,,,,,,http://repositorio.unfv.edu.pe/handle/UNFV/2144,,,,,,
273,UNFV_43,Optimismo y ansiedad en estudiantes de una Universidad Estatal de Lima,UNFV,ABIERTO,"Suárez Vera, Luigi Alberto",,1.0,,,,,,,,,http://repositorio.unfv.edu.pe/handle/UNFV/2651,,,,,,
274,UNFV_44,Clima organizacional en un centro de salud ocupacional de Lima Metropolitana,UNFV,ABIERTO,"Cuenca Ochoa, Janssen Davis",,1.0,,,,,,,,,http://repositorio.unfv.edu.pe/handle/UNFV/2406,,,,,,
275,UNFV_45,Intereses vocacionales en estudiantes de quinto año de secundaria de una Institución Educativa Pública de Villa María del Triunfo,UNFV,ABIERTO,"Serna Guia, Natividad",,1.0,,,,,,,,,http://repositorio.unfv.edu.pe/handle/UNFV/2410,,,,,,
276,UNFV_46,Afrontamiento al estrés en el personal militar de diferentes unidades hospitalarias del Hospital Militar Central del Perú “Crl. Luis Arias Schreiber”,UNFV,ABIERTO,"Lévano Loza, Jesús Iván",,1.0,,,,,,,,,http://repositorio.unfv.edu.pe/handle/UNFV/2059,,,,,,
277,UNFV_47,"Intervención del psicólogo en el proceso de reintegración familiar de niños, niñas y adolescentes en situación de cuidado alternativo en aldeas infantiles sos zárate",UNFV,ABIERTO,"Masgo Soto, Antonio",,1.0,,,,,,,,,http://repositorio.unfv.edu.pe/handle/UNFV/2869,,,,,,
278,UNFV_48,Agresividad y dependencia emocional en adolescentes que tienen pareja en una institución educativa estatal,UNFV,ABIERTO,"Montes Machicado, Elizabeth Alicia",,1.0,,,,,,,,,http://repositorio.unfv.edu.pe/handle/UNFV/2245,,,,,,
279,UNFV_49,Factores de riesgo psicosocial y burnout en personal de superficie de una empresa minera,UNFV,ABIERTO,"Puchuri Apcho, Javier Asunción",,1.0,,,,,,,,,http://repositorio.unfv.edu.pe/handle/UNFV/2382,,,,,,
280,,,,,,,0.0,,,,,,,,,,,,,,,
281,UMC_1,Autoconcepto e Identidad profesional en profesores de dos instituciones educativas privadas de Lima,UMC,ABIERTO,"Benavente Donayre, Renzo Nassare Donato","Pantoja Salas, Maribel Rosalía",2.0,,,,,,,,,http://repositorio.umch.edu.pe/handle/UMCH/551,,,,,,
282,UMC_2,Satisfacción laboral y motivación laboral en trabajadores de una mediana empresa privada del sector Industrial de Lima 2017,UMC,ABIERTO,"Cabanillas Zabalbeascoa, Samantha Lidwika","Muro Caldas, Fiorella Isabel",2.0,,,,,,,,,http://repositorio.umch.edu.pe/handle/UMCH/570,,,,,,
283,UMC_3,"Habilidades sociales y clima escolar en alumnos de tercero, cuarto y quinto de secundaria de una institución educativa pública de Surco",UMC,ABIERTO,"Bocanegra Camoretti, Magaly","Silva Espichán, Luissana Romina",2.0,,,,,,,,,http://repositorio.umch.edu.pe/handle/UMCH/642,,,,,,
284,,,,,,,0.0,,,,,,,,,,,,,,,
285,UCS_1,Relación entre la calidad de vida y los modos de afrontamiento al estrés en adolescentes embarazadas que se atienden en el Instituto Nacional Materno Perinatal de Lima,UCS,ABIERTO,"Guevara Beltrán, Nora Patricia",,1.0,,,,,,,,,https://hdl.handle.net/20.500.12805/724,,,,,,
286,,,,,,,0.0,,,,,,,,,,,,,,,
287,,,,,,,0.0,,,,,,,,,,,,,,,
